{"args": {"seed": null, "nodes": 5, "source": 0, "time_steps": 20, "inbox_cap": 12, "threshold": 0.0, "history_length": 1, "metric": "betweenness", "pull_top": 5, "out_dir": "output", "timeout": 10, "scale_free_alpha": 0.05, "scale_free_beta": 0.54, "scale_free_gamma": 0.41, "path_weight": 0.9, "num_relationships": 3, "max_relationship_size": null, "relationship_size_alpha": 1.0, "relationship_size_beta": 1.0, "max_exponent": 1.0, "exp_alpha": 1.0, "exp_beta": 1.0, "probability": 0.5, "consider_higher_order": 1}, "rank correlation": 0.9750168689498876, "similarity": 4.0}